category,activityType,unit,factor,sourceOrganization,sourceDocument,sourceUrl,year,methodology,scope
Electricity,Grid Electricity (India Average),kWh,0.71600,Central Electricity Authority (CEA) India,CO2 Baseline Database for the Indian Power Sector User Guide Ver 19.0,https://cea.nic.in/cdm-co2-baseline-database/,2023,National weighted average grid emission factor calculated from thermal and renewable mix in regional grids,Scope 2
Electricity,Grid Electricity (UK Average),kWh,0.20707,UK DESNZ,Government GHG Conversion Factors for Company Reporting 2023,https://www.gov.uk/government/publications/greenhouse-gas-reporting-conversion-factors-2023,2023,Grid transmission and generation emission intensity,Scope 2
Electricity,Grid Electricity (US Average),kWh,0.38600,US EPA,Emissions & Generation Resource Integrated Database (eGRID2021/2023),https://www.epa.gov/egrid,2023,US national annual output emission rate for total grid generation,Scope 2
Fuel,Petrol / Gasoline,litre,2.31495,UK DESNZ,Government GHG Conversion Factors for Company Reporting 2023,https://www.gov.uk/government/publications/greenhouse-gas-reporting-conversion-factors-2023,2023,Direct fuel combustion of 100% mineral petrol excluding upstream extraction,Scope 1
Fuel,Diesel,litre,2.51233,UK DESNZ,Government GHG Conversion Factors for Company Reporting 2023,https://www.gov.uk/government/publications/greenhouse-gas-reporting-conversion-factors-2023,2023,Direct fuel combustion of 100% mineral diesel fuel,Scope 1
Fuel,LPG (Liquefied Petroleum Gas),litre,1.55708,UK DESNZ,Government GHG Conversion Factors for Company Reporting 2023,https://www.gov.uk/government/publications/greenhouse-gas-reporting-conversion-factors-2023,2023,Direct combustion of liquefied petroleum gas,Scope 1
Fuel,Natural Gas / CNG,m3,2.02135,UK DESNZ & Indian BEE,GHG Conversion Factors and Bureau of Energy Efficiency India,https://www.gov.uk/government/publications/greenhouse-gas-reporting-conversion-factors-2023,2023,Direct combustion per cubic meter of natural gas,Scope 1
Transport,Local City Bus,km,0.09650,UK DESNZ,Government GHG Conversion Factors for Company Reporting 2023,https://www.gov.uk/government/publications/greenhouse-gas-reporting-conversion-factors-2023,2023,Average passenger emissions per passenger-kilometer for urban buses,Scope 3
Transport,Train / National Rail,km,0.03549,UK DESNZ,Government GHG Conversion Factors for Company Reporting 2023,https://www.gov.uk/government/publications/greenhouse-gas-reporting-conversion-factors-2023,2023,Average passenger emissions per passenger-kilometer for passenger rail network,Scope 3
Transport,Metro / Subway / Tram,km,0.02781,UK DESNZ,Government GHG Conversion Factors for Company Reporting 2023,https://www.gov.uk/government/publications/greenhouse-gas-reporting-conversion-factors-2023,2023,Average passenger emissions per passenger-kilometer on urban electrified light rail and subway,Scope 3
Transport,Motorcycle / Two-Wheeler,km,0.11337,UK DESNZ,Government GHG Conversion Factors for Company Reporting 2023,https://www.gov.uk/government/publications/greenhouse-gas-reporting-conversion-factors-2023,2023,Medium internal combustion engine two-wheeler emissions per passenger-kilometer,Scope 1
Transport,Average Petrol Passenger Car,km,0.17050,UK DESNZ,Government GHG Conversion Factors for Company Reporting 2023,https://www.gov.uk/government/publications/greenhouse-gas-reporting-conversion-factors-2023,2023,Tailpipe emissions per vehicle-kilometer for average petrol car,Scope 1
Flights,Domestic Flight (<500 km),km,0.24587,UK DESNZ & IPCC,Government GHG Conversion Factors 2023 (including Radiative Forcing),https://www.gov.uk/government/publications/greenhouse-gas-reporting-conversion-factors-2023,2023,Passenger-km domestic flights including IPCC RF multiplier for high-altitude non-CO2 effects,Scope 3
Flights,Short-Haul International (<3700 km),km,0.15102,UK DESNZ & IPCC,Government GHG Conversion Factors 2023 (including Radiative Forcing),https://www.gov.uk/government/publications/greenhouse-gas-reporting-conversion-factors-2023,2023,Passenger-km economy class short-haul international flights including RF,Scope 3
Flights,Long-Haul International (>3700 km),km,0.14787,UK DESNZ & IPCC,Government GHG Conversion Factors 2023 (including Radiative Forcing),https://www.gov.uk/government/publications/greenhouse-gas-reporting-conversion-factors-2023,2023,Passenger-km economy class long-haul flights including RF,Scope 3
Food,High Meat Diet (>100g meat/day),day,7.19000,Poore & Nemecek / Science / IPCC,Reducing food’s environmental impacts through producers and consumers (Science Vol 360),https://www.science.org/doi/10.1126/science.aaq0216,2018,Peer-reviewed meta-analysis of global food supply chains covering greenhouse gas life-cycle assessments,Scope 3
Food,Medium Meat Diet (50-100g/day),day,5.63000,Poore & Nemecek / Science / IPCC,Reducing food’s environmental impacts through producers and consumers (Science Vol 360),https://www.science.org/doi/10.1126/science.aaq0216,2018,Standard omnivorous diet with moderate daily animal protein consumption,Scope 3
Food,Low Meat Diet (<50g/day),day,4.67000,Poore & Nemecek / Science / IPCC,Reducing food’s environmental impacts through producers and consumers (Science Vol 360),https://www.science.org/doi/10.1126/science.aaq0216,2018,Flexitarian diet with minimal red meat and poultry intake,Scope 3
Food,Pescatarian Diet,day,3.91000,Poore & Nemecek / Science / IPCC,Reducing food’s environmental impacts through producers and consumers (Science Vol 360),https://www.science.org/doi/10.1126/science.aaq0216,2018,Diet with fish and seafood but excluding terrestrial animal livestock,Scope 3
Food,Vegetarian Diet,day,3.81000,Poore & Nemecek / Science / IPCC,Reducing food’s environmental impacts through producers and consumers (Science Vol 360),https://www.science.org/doi/10.1126/science.aaq0216,2018,Lacto-ovo vegetarian diet excluding meat and seafood products,Scope 3
Food,Vegan Diet,day,2.89000,Poore & Nemecek / Science / IPCC,Reducing food’s environmental impacts through producers and consumers (Science Vol 360),https://www.science.org/doi/10.1126/science.aaq0216,2018,Strict 100% plant-based dietary regime excluding all animal-derived foods,Scope 3
Waste,Municipal Landfill Waste,kg,0.44600,UK DESNZ,Government GHG Conversion Factors for Company Reporting 2023,https://www.gov.uk/government/publications/greenhouse-gas-reporting-conversion-factors-2023,2023,Unsorted municipal waste sent to managed landfill with typical methane capture,Scope 3
Waste,Composted Organic Waste,kg,0.01020,UK DESNZ,Government GHG Conversion Factors for Company Reporting 2023,https://www.gov.uk/government/publications/greenhouse-gas-reporting-conversion-factors-2023,2023,Aerobically composted household or corporate organic food and green waste,Scope 3
Waste,Recycled Mixed Waste,kg,0.02130,UK DESNZ,Government GHG Conversion Factors for Company Reporting 2023,https://www.gov.uk/government/publications/greenhouse-gas-reporting-conversion-factors-2023,2023,Segregated recyclable material collected and transported for secondary remanufacturing,Scope 3
Industry,Stationary Diesel Generator,litre,2.68697,UK DESNZ & GHG Protocol,GHG Protocol Scope 1 Stationary Fuel Combustion Guidelines,https://ghgprotocol.org/calculation-tools,2023,Stationary diesel generator fuel combustion for backup power generation,Scope 1
Industry,Road Freight Transport,tonne-km,0.21450,UK DESNZ,Government GHG Conversion Factors for Company Reporting 2023,https://www.gov.uk/government/publications/greenhouse-gas-reporting-conversion-factors-2023,2023,Rigid heavy goods vehicle (HGV) commercial logistics per tonne-kilometer,Scope 3
Industry,Air Freight Transport,tonne-km,1.12780,UK DESNZ,Government GHG Conversion Factors for Company Reporting 2023,https://www.gov.uk/government/publications/greenhouse-gas-reporting-conversion-factors-2023,2023,Dedicated cargo aircraft freight transport per tonne-kilometer,Scope 3
